<application>
  <component name="com.intellij.ide.ui.customization.CustomActionsSchema">
    <group value="NewClass" is_action="true" action_type="1" position="4">
      <path value="root" />
      <path value="Main Toolbar" />
      <option name="myInitialPosition" value="-1" />
    </group>
    <group value="template.create.FragmentFragment (Blank)" is_action="true" action_type="1" position="5">
      <path value="root" />
      <path value="Main Toolbar" />
      <option name="myInitialPosition" value="-1" />
    </group>
    <group value="XML" is_group="true" action_type="1" position="6">
      <path value="root" />
      <path value="Main Toolbar" />
      <option name="myInitialPosition" value="-1" />
    </group>
  </component>
</application>