<application>
  <component name="ProjectJdkTable">
    <jdk version="2">
      <name value="1.6" />
      <type value="JavaSDK" />
      <version value="java version &quot;1.6.0_45&quot;" />
      <homePath value="$USER_HOME$/Desktop/jdk/jdk1.6.0_45" />
      <roots>
        <annotationsPath>
          <root type="composite">
            <root url="jar://$APPLICATION_HOME_DIR$/lib/jdkAnnotations.jar!/" type="simple" />
          </root>
        </annotationsPath>
        <classPath>
          <root type="composite">
            <root url="jar://$USER_HOME$/Desktop/jdk/jdk1.6.0_45/jre/lib/charsets.jar!/" type="simple" />
            <root url="jar://$USER_HOME$/Desktop/jdk/jdk1.6.0_45/jre/lib/deploy.jar!/" type="simple" />
            <root url="jar://$USER_HOME$/Desktop/jdk/jdk1.6.0_45/jre/lib/ext/dnsns.jar!/" type="simple" />
            <root url="jar://$USER_HOME$/Desktop/jdk/jdk1.6.0_45/jre/lib/ext/localedata.jar!/" type="simple" />
            <root url="jar://$USER_HOME$/Desktop/jdk/jdk1.6.0_45/jre/lib/ext/sunjce_provider.jar!/" type="simple" />
            <root url="jar://$USER_HOME$/Desktop/jdk/jdk1.6.0_45/jre/lib/ext/sunpkcs11.jar!/" type="simple" />
            <root url="jar://$USER_HOME$/Desktop/jdk/jdk1.6.0_45/jre/lib/javaws.jar!/" type="simple" />
            <root url="jar://$USER_HOME$/Desktop/jdk/jdk1.6.0_45/jre/lib/jce.jar!/" type="simple" />
            <root url="jar://$USER_HOME$/Desktop/jdk/jdk1.6.0_45/jre/lib/jsse.jar!/" type="simple" />
            <root url="jar://$USER_HOME$/Desktop/jdk/jdk1.6.0_45/jre/lib/management-agent.jar!/" type="simple" />
            <root url="jar://$USER_HOME$/Desktop/jdk/jdk1.6.0_45/jre/lib/plugin.jar!/" type="simple" />
            <root url="jar://$USER_HOME$/Desktop/jdk/jdk1.6.0_45/jre/lib/resources.jar!/" type="simple" />
            <root url="jar://$USER_HOME$/Desktop/jdk/jdk1.6.0_45/jre/lib/rt.jar!/" type="simple" />
          </root>
        </classPath>
        <javadocPath>
          <root type="composite" />
        </javadocPath>
        <sourcePath>
          <root type="composite">
            <root url="jar://$USER_HOME$/Desktop/jdk/jdk1.6.0_45/src.zip!/" type="simple" />
          </root>
        </sourcePath>
      </roots>
      <additional />
    </jdk>
    <jdk version="2">
      <name value="1.8" />
      <type value="JavaSDK" />
      <version value="java version &quot;1.8.0_152&quot;" />
      <homePath value="$APPLICATION_HOME_DIR$/jre" />
      <roots>
        <annotationsPath>
          <root type="composite">
            <root url="jar://$APPLICATION_HOME_DIR$/lib/jdkAnnotations.jar!/" type="simple" />
            <root url="jar://$APPLICATION_HOME_DIR$/plugins/java/lib/jdkAnnotations.jar!/" type="simple" />
          </root>
        </annotationsPath>
        <classPath>
          <root type="composite">
            <root url="jar://$APPLICATION_HOME_DIR$/jre/jre/lib/charsets.jar!/" type="simple" />
            <root url="jar://$APPLICATION_HOME_DIR$/jre/jre/lib/ext/access-bridge-64.jar!/" type="simple" />
            <root url="jar://$APPLICATION_HOME_DIR$/jre/jre/lib/ext/cldrdata.jar!/" type="simple" />
            <root url="jar://$APPLICATION_HOME_DIR$/jre/jre/lib/ext/dnsns.jar!/" type="simple" />
            <root url="jar://$APPLICATION_HOME_DIR$/jre/jre/lib/ext/jaccess.jar!/" type="simple" />
            <root url="jar://$APPLICATION_HOME_DIR$/jre/jre/lib/ext/localedata.jar!/" type="simple" />
            <root url="jar://$APPLICATION_HOME_DIR$/jre/jre/lib/ext/nashorn.jar!/" type="simple" />
            <root url="jar://$APPLICATION_HOME_DIR$/jre/jre/lib/ext/sunec.jar!/" type="simple" />
            <root url="jar://$APPLICATION_HOME_DIR$/jre/jre/lib/ext/sunjce_provider.jar!/" type="simple" />
            <root url="jar://$APPLICATION_HOME_DIR$/jre/jre/lib/ext/sunmscapi.jar!/" type="simple" />
            <root url="jar://$APPLICATION_HOME_DIR$/jre/jre/lib/ext/sunpkcs11.jar!/" type="simple" />
            <root url="jar://$APPLICATION_HOME_DIR$/jre/jre/lib/ext/zipfs.jar!/" type="simple" />
            <root url="jar://$APPLICATION_HOME_DIR$/jre/jre/lib/jce.jar!/" type="simple" />
            <root url="jar://$APPLICATION_HOME_DIR$/jre/jre/lib/jsse.jar!/" type="simple" />
            <root url="jar://$APPLICATION_HOME_DIR$/jre/jre/lib/management-agent.jar!/" type="simple" />
            <root url="jar://$APPLICATION_HOME_DIR$/jre/jre/lib/resources.jar!/" type="simple" />
            <root url="jar://$APPLICATION_HOME_DIR$/jre/jre/lib/rt.jar!/" type="simple" />
          </root>
        </classPath>
        <javadocPath>
          <root type="composite">
            <root url="https://docs.oracle.com/javase/8/docs/api/" type="simple" />
          </root>
        </javadocPath>
        <sourcePath>
          <root type="composite" />
        </sourcePath>
      </roots>
      <additional />
    </jdk>
    <jdk version="2">
      <name value="Android API 19 Platform" />
      <type value="Android SDK" />
      <version value="java version &quot;1.8.0_152&quot;" />
      <homePath value="F:\softwares\androidsdk" />
      <roots>
        <annotationsPath>
          <root type="composite">
            <root url="jar://$APPLICATION_HOME_DIR$/plugins/android/lib/androidAnnotations.jar!/" type="simple" />
          </root>
        </annotationsPath>
        <classPath>
          <root type="composite">
            <root url="jar://F:/softwares/androidsdk/platforms/android-19/android.jar!/" type="simple" />
            <root url="file://F:/softwares/androidsdk/platforms/android-19/data/res" type="simple" />
          </root>
        </classPath>
        <javadocPath>
          <root type="composite">
            <root url="http://developer.android.com/reference/" type="simple" />
          </root>
        </javadocPath>
        <sourcePath>
          <root type="composite">
            <root url="file://F:/softwares/androidsdk/sources/android-19" type="simple" />
          </root>
        </sourcePath>
      </roots>
      <additional jdk="1.8" sdk="android-19" />
    </jdk>
    <jdk version="2">
      <name value="Android API 20 Platform" />
      <type value="Android SDK" />
      <homePath value="F:\softwares\androidsdk" />
      <roots>
        <annotationsPath>
          <root type="composite">
            <root url="jar://$APPLICATION_HOME_DIR$/plugins/android/lib/androidAnnotations.jar!/" type="simple" />
          </root>
        </annotationsPath>
        <classPath>
          <root type="composite">
            <root url="jar://F:/softwares/androidsdk/platforms/android-20/android.jar!/" type="simple" />
            <root url="file://F:/softwares/androidsdk/platforms/android-20/data/res" type="simple" />
          </root>
        </classPath>
        <javadocPath>
          <root type="composite">
            <root url="http://developer.android.com/reference/" type="simple" />
          </root>
        </javadocPath>
        <sourcePath>
          <root type="composite" />
        </sourcePath>
      </roots>
      <additional jdk="1.8" sdk="android-20" />
    </jdk>
    <jdk version="2">
      <name value="Android API 26 Platform" />
      <type value="Android SDK" />
      <version value="java version &quot;1.8.0_152&quot;" />
      <homePath value="F:\softwares\androidsdk" />
      <roots>
        <annotationsPath>
          <root type="composite">
            <root url="jar://$APPLICATION_HOME_DIR$/plugins/android/lib/androidAnnotations.jar!/" type="simple" />
          </root>
        </annotationsPath>
        <classPath>
          <root type="composite">
            <root url="jar://F:/softwares/androidsdk/platforms/android-26/android.jar!/" type="simple" />
            <root url="file://F:/softwares/androidsdk/platforms/android-26/data/res" type="simple" />
          </root>
        </classPath>
        <javadocPath>
          <root type="composite">
            <root url="http://developer.android.com/reference/" type="simple" />
          </root>
        </javadocPath>
        <sourcePath>
          <root type="composite">
            <root url="file://F:/softwares/androidsdk/sources/android-26" type="simple" />
          </root>
        </sourcePath>
      </roots>
      <additional jdk="1.8" sdk="android-26" />
    </jdk>
    <jdk version="2">
      <name value="Android API 27 Platform" />
      <type value="Android SDK" />
      <homePath value="F:\softwares\androidsdk" />
      <roots>
        <annotationsPath>
          <root type="composite">
            <root url="jar://$APPLICATION_HOME_DIR$/plugins/android/lib/androidAnnotations.jar!/" type="simple" />
          </root>
        </annotationsPath>
        <classPath>
          <root type="composite">
            <root url="jar://F:/softwares/androidsdk/platforms/android-27/android.jar!/" type="simple" />
            <root url="file://F:/softwares/androidsdk/platforms/android-27/data/res" type="simple" />
          </root>
        </classPath>
        <javadocPath>
          <root type="composite" />
        </javadocPath>
        <sourcePath>
          <root type="composite">
            <root url="file://F:/softwares/androidsdk/sources/android-27" type="simple" />
          </root>
        </sourcePath>
      </roots>
      <additional jdk="1.8" sdk="android-27" />
    </jdk>
    <jdk version="2">
      <name value="Android API 28 Platform" />
      <type value="Android SDK" />
      <version value="java version &quot;1.8.0_152&quot;" />
      <homePath value="F:\softwares\androidsdk" />
      <roots>
        <annotationsPath>
          <root type="composite">
            <root url="jar://F:/softwares/androidsdk/platforms/android-28/data/annotations.zip!/" type="simple" />
          </root>
        </annotationsPath>
        <classPath>
          <root type="composite">
            <root url="jar://F:/softwares/androidsdk/platforms/android-28/android.jar!/" type="simple" />
            <root url="file://F:/softwares/androidsdk/platforms/android-28/data/res" type="simple" />
          </root>
        </classPath>
        <javadocPath>
          <root type="composite" />
        </javadocPath>
        <sourcePath>
          <root type="composite">
            <root url="file://F:/softwares/androidsdk/sources/android-28" type="simple" />
          </root>
        </sourcePath>
      </roots>
      <additional jdk="1.8" sdk="android-28" />
    </jdk>
    <jdk version="2">
      <name value="Android API 29 Platform" />
      <type value="Android SDK" />
      <version value="java version &quot;1.8.0_152&quot;" />
      <homePath value="F:\softwares\androidsdk" />
      <roots>
        <annotationsPath>
          <root type="composite">
            <root url="jar://$APPLICATION_HOME_DIR$/plugins/android/lib/androidAnnotations.jar!/" type="simple" />
          </root>
        </annotationsPath>
        <classPath>
          <root type="composite">
            <root url="jar://F:/softwares/androidsdk/platforms/android-29/android.jar!/" type="simple" />
            <root url="file://F:/softwares/androidsdk/platforms/android-29/data/res" type="simple" />
          </root>
        </classPath>
        <javadocPath>
          <root type="composite">
            <root url="http://developer.android.com/reference/" type="simple" />
          </root>
        </javadocPath>
        <sourcePath>
          <root type="composite" />
        </sourcePath>
      </roots>
      <additional jdk="1.8" sdk="android-29" />
    </jdk>
    <jdk version="2">
      <name value="1.8 (2)" />
      <type value="JavaSDK" />
      <version value="java version &quot;1.8.0_172&quot;" />
      <homePath value="F:/softwares/java/jdk" />
      <roots>
        <annotationsPath>
          <root type="composite">
            <root url="jar://$APPLICATION_HOME_DIR$/plugins/java/lib/jdkAnnotations.jar!/" type="simple" />
          </root>
        </annotationsPath>
        <classPath>
          <root type="composite">
            <root url="jar://F:/softwares/java/jdk/jre/lib/charsets.jar!/" type="simple" />
            <root url="jar://F:/softwares/java/jdk/jre/lib/deploy.jar!/" type="simple" />
            <root url="jar://F:/softwares/java/jdk/jre/lib/ext/access-bridge-64.jar!/" type="simple" />
            <root url="jar://F:/softwares/java/jdk/jre/lib/ext/cldrdata.jar!/" type="simple" />
            <root url="jar://F:/softwares/java/jdk/jre/lib/ext/dnsns.jar!/" type="simple" />
            <root url="jar://F:/softwares/java/jdk/jre/lib/ext/jaccess.jar!/" type="simple" />
            <root url="jar://F:/softwares/java/jdk/jre/lib/ext/jfxrt.jar!/" type="simple" />
            <root url="jar://F:/softwares/java/jdk/jre/lib/ext/localedata.jar!/" type="simple" />
            <root url="jar://F:/softwares/java/jdk/jre/lib/ext/nashorn.jar!/" type="simple" />
            <root url="jar://F:/softwares/java/jdk/jre/lib/ext/sunec.jar!/" type="simple" />
            <root url="jar://F:/softwares/java/jdk/jre/lib/ext/sunjce_provider.jar!/" type="simple" />
            <root url="jar://F:/softwares/java/jdk/jre/lib/ext/sunmscapi.jar!/" type="simple" />
            <root url="jar://F:/softwares/java/jdk/jre/lib/ext/sunpkcs11.jar!/" type="simple" />
            <root url="jar://F:/softwares/java/jdk/jre/lib/ext/zipfs.jar!/" type="simple" />
            <root url="jar://F:/softwares/java/jdk/jre/lib/javaws.jar!/" type="simple" />
            <root url="jar://F:/softwares/java/jdk/jre/lib/jce.jar!/" type="simple" />
            <root url="jar://F:/softwares/java/jdk/jre/lib/jfr.jar!/" type="simple" />
            <root url="jar://F:/softwares/java/jdk/jre/lib/jfxswt.jar!/" type="simple" />
            <root url="jar://F:/softwares/java/jdk/jre/lib/jsse.jar!/" type="simple" />
            <root url="jar://F:/softwares/java/jdk/jre/lib/management-agent.jar!/" type="simple" />
            <root url="jar://F:/softwares/java/jdk/jre/lib/plugin.jar!/" type="simple" />
            <root url="jar://F:/softwares/java/jdk/jre/lib/resources.jar!/" type="simple" />
            <root url="jar://F:/softwares/java/jdk/jre/lib/rt.jar!/" type="simple" />
          </root>
        </classPath>
        <javadocPath>
          <root type="composite" />
        </javadocPath>
        <sourcePath>
          <root type="composite">
            <root url="jar://F:/softwares/java/jdk/src.zip!/" type="simple" />
            <root url="jar://F:/softwares/java/jdk/javafx-src.zip!/" type="simple" />
          </root>
        </sourcePath>
      </roots>
      <additional />
    </jdk>
    <jdk version="2">
      <name value="Kotlin SDK" />
      <type value="KotlinSDK" />
      <homePath value="F:\softwares\androidstudio\plugins\Kotlin\kotlinc" />
      <roots>
        <annotationsPath>
          <root type="composite" />
        </annotationsPath>
        <classPath>
          <root type="composite" />
        </classPath>
        <javadocPath>
          <root type="composite" />
        </javadocPath>
        <sourcePath>
          <root type="composite" />
        </sourcePath>
      </roots>
      <additional />
    </jdk>
  </component>
</application>