<application>
  <component name="TemplateSettings">
    <option name="deletedKeys">
      <list>
        <TemplateKey>
          <option name="groupName" value="other" />
          <option name="key" value="psvm" />
        </TemplateKey>
        <TemplateKey>
          <option name="groupName" value="output" />
          <option name="key" value="soutp" />
        </TemplateKey>
        <TemplateKey>
          <option name="groupName" value="plain" />
          <option name="key" value="psf" />
        </TemplateKey>
        <TemplateKey>
          <option name="groupName" value="Android" />
          <option name="key" value="Toast" />
        </TemplateKey>
        <TemplateKey>
          <option name="groupName" value="AndroidXML" />
          <option name="key" value="appNs" />
        </TemplateKey>
        <TemplateKey>
          <option name="groupName" value="AndroidXML" />
          <option name="key" value="toolsNs" />
        </TemplateKey>
      </list>
    </option>
  </component>
</application>