<application>
  <component name="AppStorage">
    <option name="newTranslationDialogWidth" value="574" />
    <option name="newTranslationDialogX" value="798" />
    <option name="newTranslationDialogY" value="428" />
    <histories>
      <item value="Child" />
      <item value="Enables or disables long click events for this view. When a view is long clickable it reacts to the user holding down the button for a longer duration than a tap. This event can either launch the listener or a context menu. @param longClickable true to make the view long clickable, false otherwise @see isLongClickable() @attr ref android.R.styleableView_longClickable" />
      <item value="@deprecated" />
      <item value="PREFERENCE" />
      <item value="complete" />
      <item value="m About Meter Process Listener" />
      <item value="cancel" />
      <item value="restore" />
      <item value="哇不这个变更" />
      <item value="wabz" />
      <item value="comp" />
      <item value="change" />
      <item value="长度" />
      <item value="id Legth" />
      <item value="非访客" />
      <item value="帐号" />
      <item value="Stop the service, if it was previously started. This is the same as calling {@link android.content.ContextstopService} for this particular service." />
      <item value="Room cannot verify the data integrity. Looks like you've changed schema but forgot to update the version number. You can simply fix this by increasing the version number." />
      <item value="Constants" />
      <item value="the simple name of the underlying class" />
      <item value="Hex" />
      <item value="Hex Conver Utils" />
      <item value="进制" />
      <item value="Conver" />
      <item value="Digital" />
      <item value="Digital Base Conversion Utils" />
      <item value="Rect holds four integer coordinates for a rectangle. The rectangle is represented by the coordinates of its 4 edges (left, top, right bottom). These fields can be accessed directly. Use width() and height() to retrieve the rectangle's width and height. Note: most methods do not check to see that the coordinates are sorted correctly (i.e. left &lt;= right and top &lt;= bottom). &lt;p&gt; Note that the right and bottom coordinates are exclusive. This means a Rect being drawn untransformed onto a {@link android.graphics.Canvas} will draw into the column and row described by its left and top coordinates, but not those of its bottom and right." />
      <item value="左右" />
      <item value="12 dp" />
      <item value="category" />
      <item value="Manager" />
      <item value="Retrofit Manager" />
      <item value="Manger" />
      <item value="Server" />
      <item value="record" />
      <item value="reco" />
      <item value="re" />
      <item value="记忆酷我音乐播放状态" />
      <item value="开通" />
      <item value="has" />
      <item value="对账" />
      <item value="dui'zhang" />
      <item value="Util" />
      <item value="Parcelable" />
      <item value="开心" />
      <item value="kaixin" />
      <item value="study" />
      <item value="stude" />
      <item value="stu" />
      <item value="i" />
    </histories>
    <option name="languageScores">
      <map>
        <entry key="CHINESE" value="23" />
        <entry key="ENGLISH" value="24" />
        <entry key="DANISH" value="1" />
        <entry key="FRENCH" value="2" />
        <entry key="ROMANIAN" value="1" />
      </map>
    </option>
  </component>
  <component name="Cache">
    <option name="lastTrimTime" value="1612169679644" />
  </component>
  <component name="Settings">
    <option name="googleTranslateSettings">
      <google-translate>
        <option name="useTranslateGoogleCom" value="true" />
      </google-translate>
    </option>
  </component>
</application>